"Ca$h 'n Guns: Second Edition",
"Grand Austria Hotel: Let's Waltz!","Гранд-отель «Австрия». Станцуем вальс!"
"Hadrian's Wall",Вал Адриана
"It's a Wonderful World",Этот безумный мир
"Trickerion: Collector's Edition",Трикерион. Искусство иллюзии
"Tzolk'in: The Mayan Calendar",Цолькин: календарь Майя
7 Wonders (Second Edition),7 чудес (вторая редакция)
7 Wonders Duel,7 чудес дуэль
7 Wonders: Architects,7 чудес: Архитекторы
Agricola (Revised Edition),Агрикола
Akropolis,Акрополис
Alchemists,Алхимики
Among the Stars,Среди звезд
Anachrony,Анахронность
Ancient Knowledge,Древнее знание
Architects of the West Kingdom,Архитекторы западного королевства
Ark Nova,
Arkham Horror (Third Edition),Ужас Аркэма (третья редакция)
Arkham Horror: The Card Game,Ужас Аркхэма: карточная игра
Awkward Guests: The Walton Case,Опасные гости. Кто убил мистера Уолтона?
Azul,Азул
Barrage,Плотина
Benevolent,Лесные тайны
Beyond the Sun,Вдали от солнца
Bitoku,Битоку
Blood Rage,Кровь и ярость
Brass: Birmingham,Брасс: Бирмингем
Brass: Lancashire,Брасс: Ланкашир
Brazil: Imperial,Бразилия
Bruges,Брюгге
Bullet: Orange,Буллет: Оранж
Bullet♥︎,Буллет
Bärenpark,Медвежий парк
Café,Кофе
Calico,Котики
Captain Sonar,
Carcassonne,Каркассон
Carcassonne: 20th Anniversary Edition,Каркассон: Юбилейное издание
Cascadia,Каскадия
Castles of Mad King Ludwig,Замки безумного короля Людвига
Castles of Mad King Ludwig: Expansions,Замки безумного короля Людвига. Дополнения
CATAN,
CATAN: Cities & Knights,Catan: Города и рыцари
CATAN: Seafarers,Catan: Мореходы
CATAN: Traders & Barbarians,Catan: Купцы и варвары
Caverna: Cave vs Cave,Каверна. Пещера на пещеру
Century: Big Box,Century: Полное издание
Cerberus,Цербер
Citadels,Цитадели
City of the Great Machine,Город великой машины
Clank!: A Deck-Building Adventure,Кланк!
Clans of Caledonia,Кланы Каледонии
Codenames,Кодовые имена
Codenames: Duet,Кодовые имена: Дуэт
Cryo,Крио
Cryptid,Криптид
Dale of Merchants,Долина торговцев
Deep Sea Adventure,Предельное погружение
Deep State: New World Order,Тайная власть. Новый мировой порядок
Dice Town,Дайс таун
Dune: Imperium – Uprising,Дюна: Империя.Восстание
Dune: Imperium,Дюна: Империя
Dune: War for Arrakis,Дюна: Война за Арракис
Dungeon Petz,
Earth,Земля
Enigma: Beyond Code,Энигма. Код Хаоса
Everdell,Эверделл
Evergreen,Evergreen. Зелёный мир
Evolution: The Origin of Species,Эволюция
Feed the Kraken,Кто накормит Кракена?
Five Tribes: The Artisans of Naqala,Пять племён. Ремесленники Накалы
Five Tribes: The Djinns of Naqala,Пять племен
Five Tribes: Whims of the Sultan,Пять племён. Прихоти султана
Flamecraft,Мастера пламени
Fleet: The Dice Game,Флот
Furnace,Индустрия
Furnace: Interbellum,Индустрия Интербеллум
Fury of Dracula (Third/Fourth Edition),Ярость Дракулы
Galaxy Trucker (Second Edition),Космические дальнобойщики
Ghost Letters,Письма призрака
Glen More II: Chronicles,Глен-Мор II. Хроники
Gloomhaven,Мрачная гавань
Golem,Голем
Grand Austria Hotel,Гранд Отель Австрия
Great Western Trail,Великий западный путь
Hallertau,Халлертау
Hansa Teutonica: Big Box,Ганзейский союз
Harmonies,Гармония
Hegemony: Lead Your Class to Victory,Гегемония
Hero Realms,Битвы геров
IKI,ИКИ
Imperial Settlers: Empires of the North,Поселенцы. Северные империи
Incan Gold,Диамант
Intent to Kill,Городской убийца
Kanban EV,Канбан
Khôra: Rise of an Empire,Хора
La Cosa Nostra,Коза Ностра
La Granja,Ла Гранха
Last Aurora,Погоня за «Авророй»
Lata,Рыба
Le Havre,Гавр
London (Second Edition),Лондон (вторая редакция)
Lost Ruins of Arnak,Руины острова Арнак
Mage Knight: Ultimate Edition,Рыцарь-маг
Maracaibo,Маракайбо
Marco Polo II: In the Service of the Khan,Марко Поло 2: На службе хана
Maximum Apocalypse,Максимум Апокалипсис
Meadow,Поляна
Meenakshi Temple,Храм Минакши
Messina 1347,Мессина 1347
MicroMacro: Crime City – Full House,МикроМакро: Город улик. Надземка
Mind MGMT: The Psychic Espionage “Game.”,Mind MGMT. Управление «Разум»
Monopoly,Монополия
Murano: Light Masters,Мурано: мастера света
My Shelfie,По полочкам
Mysthea,
NameEng,NameRus
Nanty Narking,Нанти Наркинг
Nemesis,Немезида
New York Zoo,Зоопарк Нью-Йорка
Niagara,Ниагара
Nidavellir,Нидавеллир
NOIR: Deductive Mystery Game,Нуар
Not Alone,Чужая планета
Nusfjord,Нусфьорд
On Mars,На Марсе
Oriflamme,Орифламма
Orléans,Орлеан
Paladins of the West Kingdom,Паладины западного королевства
Pampero,Памперо
Pandemic,Пандемия
Paris: La Cité de la Lumière,Париж. Город огней
Passengers,Пассажиры
Planet Unknown,Неизвестная планета
Port Royal: Big Box,Порт Ройал: Полное издание
Post Office,Почта
Praga Caput Regni,Прага: Сердце империи
Project: ELITE,Проект: Элита
Prêt-à-Porter,Прет-а-Порте
Pyramido,Пирамиды
Ra,Ра
Radlands,Radlands. Земля руин
Rats of Wistar,Побег из Вистара
Re;ACT - The Arts of War,Re;Act: Арена искусств
Red Rising,Алое восстание
Res Arcana,Рес Аркана
Return to Dark Tower,Возвращение в Тёмную башню
Revive,Проект Возрождение
Riftforce,Riftforce. Битва Стихий
Ryozen,Рёдзен
Sabika,Сабика
Sagrada,Саграда
Santa Maria,Санта Мария
Santa Monica,Санта Моника
ScandalOh!,Скандал!
Scythe,Серп
Sea Salt & Paper,Море, соль, бумага
Shards of Infinity,Осколки Бесконечности
Shinkansen: Zero-Kei,Синкансэн: Зеро-Кей
Sky Team,Крутое пике
Small World,Маленький мир,
Smartphone Inc.,Корпорация смартфор
Space Base,Космобаза
Space Bureau,Космобюро
Spartacus: A Game of Blood and Treachery,Спартак
Splendor Duel,Роскошь Дуэль
Spots,Косточки
Star Realms,Звездные империи
Stone Age,Каменный век. На заре человечества
Suburbia + Inc.,Субурбия
Survive: Escape from Atlantis!,Последний день Атлантиды
Sword & Sorcery,Клинок и Колдовство
Takenoko,Такеноко
Takenoko: Chibis,Такеноко: Крошка-панда 
Tales of Tails,Подземелья и песики
Terraforming Mars,Покорение Марса
Terraforming Mars: Ares Expedition,Покорение Марса: Экспедиция на Арес
The Castles of Burgundy,Замки Бургундии
The Fox Experiment,Эксперимент. Домашние Лисы
The Gallerist,Галерист
The Isle of Cats,Острок кошек
The Quacks of Quedlinburg,Шарлатаны из Кведлинбурга
The Quest for El Dorado,В поисках Эльдорадо
The Red Cathedral,Красный собор
The Search for Planet X,В посках планеты X
The Taverns of Tiefenthal,Таверны Тифенталя
The White Castle,Белый замок
Three Sisters,Три сестры
Ticket to Ride: Europe – 15th Anniversary,Ticket to Ride: Европа. Юбилейное издание
Ticket to Ride: Europe,Ticket to Ride: Европа
Ticket to Ride: Nordic Countries,Ticket to Ride: Северные страны
Tiny Towns,Крошечные города
Tiwanaku,Тиуанако
Tokyo Ghoul: Bloody Masquerade,
Trapwords,Опасные слова
Troyes,Труа
Turing Machine,Машина Тьюринга
Twilight Struggle,Сумеречная борьба
Tyrants of the Underdark: Board Game,Тираны подземья
Unconscious Mind,Бессознательное
Undaunted: Normandy,Неустрашимые: Нормандия
Underwater Cities,Подводные города
Unfair,Unfair (Русское издание)
"Unmatched: Battle of Legends, Volume One",Unmatched: Битва Легенд. Том первый
"Unmatched: Battle of Legends, Volume Two",Unmatched: Битва Легенд. Том первый
"Unmatched: Hell's Kitchen",
"Unmatched: Sun's Origin",Unmatched: Родина Солнца
Unmatched: Brains and Brawn,
Unmatched: Cobble & Fog,Unmatched: Туман над мостовой
Unmatched: For King and Country,
Unmatched: Houdini vs. The Genie,Unmatched: Гудини vs. Джинн
Unmatched: Jurassic Park – Dr. Sattler vs. T. Rex,
Unmatched: Jurassic Park – InGen vs Raptors,
Unmatched: Little Red Riding Hood vs. Beowulf,Unmatched: Красная Шапочка vs. Беовульф
Unmatched: Redemption Row,
Unmatched: Robin Hood vs. Bigfoot,Unmatched: Робин Гуд vs. Бигфут
Unmatched: Slings and Arrows,
Unmatched: Teen Spirit,
Verdant,Зеленый дом
Village: Big Box,Летопись. Полное издание
Vinhos: Deluxe Edition,Виньос
Viscounts of the West Kingdom,Виконты западного королевства
Viticulture Essential Edition,Виноделие
Viticulture World: Cooperative Expansion,Виноделие. Мир виноделия
War Chest,Сундук войны
Wayfarers of the South Tigris,Путешественники с южного Тигра
Welcome to the Moon,Добро пожаловать на Луну
Wild: Serengeti,Дикая природа: Серенгети
Wingspan,Крылья
Winter Queen,Зимняя королева
World of Warcraft: Wrath of the Lich King,
Yukon Airways,Авиалинии Юкона