Rank ,Item
1,Hegemony: Lead Your Class to Victory
2,Blood Rage
3,Mysthea
4,The Gallerist
5,La Cosa Nostra
6,Spartacus: A Game of Blood and Treachery
7,Res Arcana
8,Hansa Teutonica: Big Box
9,Fury of Dracula (Third/Fourth Edition)
10,Twilight Struggle
11,Everdell
12,Project: ELITE
13,Sword & Sorcery
14,Viticulture Essential Edition
15,Mind MGMT: The Psychic Espionage вЂњGame.вЂќ
16,Dune: War for Arrakis
17,Nemesis
18,Scythe
19,Five Tribes: The Djinns of Naqala
20,Captain Sonar
21,War Chest
22,On Mars
23,Tyrants of the Underdark: Board Game
24,Return to Dark Tower
25,London (Second Edition)
26,The Quest for El Dorado
27,The Fox Experiment
28,City of the Great Machine
29,Evergreen
30,Barrage
31,Dune: Imperium
32,Pampero
33,Lost Ruins of Arnak
34,Mage Knight: Ultimate Edition
35,Earth
36,Feed the Kraken
37,Galaxy Trucker (Second Edition)
38,Vinhos: Deluxe Edition
39,Shards of Infinity
40,Cascadia
41,The Search for Planet X
42,Harmonies
43,Grand Austria Hotel
44,Marco Polo II: In the Service of the Khan
45,Survive: Escape from Atlantis!
46,The Red Cathedral
47,Great Western Trail
48,Maracaibo
49,Dice Town
50,Ticket to Ride: Europe
51,Radlands
52,7 Wonders Duel
53,Brass: Lancashire
54,Arkham Horror: The Card Game
55,7 Wonders (Second Edition)
56,Brass: Birmingham
57,Yukon Airways
58,Carcassonne
59,Unfair
60,Bitoku
61,Verdant
62,Agricola (Revised Edition)
63,Arkham Horror (Third Edition)
64,Troyes
65,Among the Stars
66,Tzolk'in: The Mayan Calendar
67,Maximum Apocalypse
68,World of Warcraft: Wrath of the Lich King
69,Splendor Duel
70,Turing Machine
71,Not Alone
72,Post Office
73,OrlГ©ans
74,The Isle of Cats
75,Azul
76,Cerberus
77,Fleet: The Dice Game
78,Village: Big Box
79,Terraforming Mars: Ares Expedition
80,Dungeon Petz
81,Santa Monica
82,The White Castle
83,Awkward Guests: The Walton Case
84,Terraforming Mars
85,Gloomhaven
86,Deep State: New World Order
87,Tiwanaku
88,Messina 1347
89,Praga Caput Regni
90,Red Rising
91,Evolution: The Origin of Species
92,Paris: La CitГ© de la LumiГЁre
93,Sagrada
94,Ca$h 'n Guns: Second Edition
95,Pandemic
96,Nidavellir
97,Wayfarers of the South Tigris
98,Port Royal: Big Box
99,MicroMacro: Crime City вЂ“ Full House
100,Citadels
101,ScandalOh!
102,Architects of the West Kingdom
103,Wild: Serengeti
104,Paladins of the West Kingdom