Rank,Item
1,Hegemony: Lead Your Class to Victory
2,Hansa Teutonica: Big Box
3,Deep Sea Adventure
4,Mysthea
5,Nemesis
6,City of the Great Machine
7,Barrage
8,Dune: Imperium – Uprising
9,Dune: War for Arrakis
10,Dune: Imperium
11,Race for the Galaxy
12,For Glory
13,Revive
14,Tyrants of the Underdark: Board Game
15,Bruges
16,Spartacus: A Game of Blood and Treachery
17,La Cosa Nostra
18,Five Tribes: The Djinns of Naqala
19,The Fox Experiment
20,Troyes
21,War Chest
22,Radlands
23,Re;ACT: The Arts of War
24,Everdell
25,Evergreen
26,Res Arcana
27,Mind MGMT: The Psychic Espionage “Game.”
28,Harmonies
29,Shards of Infinity
30,"Trickerion: Collector's Edition"
31,Unconscious Mind
32,Scythe
33,Fury of Dracula (Third/Fourth Edition)
34,Heredity: The Book of Swan
35,Sword & Sorcery
36,Brazil: Imperial
37,Post Office
38,Port Royal: Big Box
39,Bitoku
40,Small World
41,Messina 1347
42,Praga Caput Regni
43,Passengers
44,Kanban EV
45,Project: ELITE
46,Twilight Struggle
47,Sabika
48,The Quest for El Dorado
49,The Search for Planet X
50,Yukon Airways
51,Galaxy Trucker (Second Edition)
52,Brass: Birmingham
53,Brass: Lancashire
54,Re;ACT - The Arts of War
55,Intent to Kill
56,Dungeon Petz
57,Nanty Narking
58,Captain Sonar
59,Undaunted: Normandy
60,Unfair
61,Ryozen
62,The Castles of Burgundy
63,Dice Town
64,Glen More II: Chronicles
65,Akropolis
66,Lost Ruins of Arnak
67,Distilled
68,Furnace Duel
69,The Lord of the Rings: Duel for Middle-earth
70,Carnegie
71,Clank!: A Deck-Building Adventure
72,"It's a Wonderful World"
73,Riftforce
74,Arkham Horror (Third Edition)
75,Ticket to Ride: Europe
76,Ticket to Ride: Nordic Countries
77,"Ca$h 'n Guns: Second Edition"
78,Carcassonne: 20th Anniversary Edition
79,Shinkansen: Zero-Kei
80,Last Aurora
81,Arkham Horror: The Card Game
82,The Gallerist
83,Castles of Mad King Ludwig
84,Stone Age
85,Spots
86,Marco Polo II: In the Service of the Khan
87,Maximum Apocalypse
88,Turing Machine
89,Cryptid
90,Clans of Caledonia
91,Smartphone Inc.
92,Terraforming Mars
93,Oriflamme
94,Sea Salt & Paper
95,Viticulture Essential Edition
96,Planet Unknown
97,"Unmatched: Battle of Legends, Volume One"
98,Grand Austria Hotel
99,Carcassonne
100,Tiwanaku
101,Orléans
102,ScandalOh!
103,Awkward Guests: The Walton Case
104,Ghost Letters
105,"Tzolk'in: The Mayan Calendar"
106,Star Realms
107,The Red Cathedral
108,Enigma: Beyond Code
109,Pampero
110,Azul
111,World of Warcraft: Wrath of the Lich King
112,Trapwords
113,Furnace
114,Welcome to the Moon
115,Cascadia
116,Hero Realms
117,The Quacks of Quedlinburg
118,Sagrada
119,Calico
120,Survive: Escape from Atlantis!
121,Underwater Cities
122,Wingspan
123,London (Second Edition)
124,Suburbia + Inc.
125,Architects of the West Kingdom
126,Alchemists
127,Vinhos: Deluxe Edition
128,Earth
129,Great Western Trail
130,Village: Big Box
131,Deep State: New World Order
132,Red Rising
133,Niagara
134,Paris: La Cité de la Lumière
135,Not Alone
136,Among the Stars
137,Verdant
138,Beyond the Sun
139,Nidavellir
140,Paladins of the West Kingdom
141,On Mars
142,The White Castle
143,Viscounts of the West Kingdom
144,Wayfarers of the South Tigris
145,Century: Big Box
146,Terraforming Mars: Ares Expedition
147,7 Wonders (Second Edition)
148,Citadels
149,Wild: Serengeti
150,Agricola (Revised Edition)
151,Codenames
152,Murano: Light Masters
153,Incan Gold
154,Splendor Duel
155,7 Wonders Duel
156,The Isle of Cats
157,Santa Monica
158,NOIR: Deductive Mystery Game
159,Cerberus
160,Imperial Settlers: Empires of the North
161,Pax Renaissance: 2nd Edition
162,Mage Knight: Ultimate Edition
163,Ark Nova
164,IKI
165,Santa Maria
166,Le Havre
167,7 Wonders: Architects
168,Return to Dark Tower
169,Tiny Towns
170,Hallertau
171,Rats of Wistar
172,Nusfjord
173,Fleet: The Dice Game
174,Anachrony
175,Ancient Knowledge
176,Café
177,Dale of Merchants
178,Bonsai
179,Three Sisters
180,"Hadrian's Wall"
181,Caverna: Cave vs Cave
182,Raiders of Scythia
183,The Taverns of Tiefenthal
184,Maracaibo
185,Cryo
186,Khôra: Rise of an Empire
187,Blood Rage
188,Codenames: Duet
189,Gloomhaven
190,Golem
191,Lata
192,Bärenpark
193,Benevolent
194,Bullet♥︎
195,La Granja
196,Pyramido
197,Lorenzo il Magnifico
198,For Sale
199,Ra
200,Space Base
201,Space Bureau
202,Rajas of the Ganges
203,Takenoko
204,Tales of Tails
205,Ticket to Ride: Europe – 15th Anniversary
206,Tokyo Ghoul: Bloody Masquerade
207,Meadow
208,Aquatica
209,Amulet
210,Barbaria
211,Break the Code
212,War of the Ring: Second Edition
213,War of the Ring: The Card Game
214,Power Grid: The Card Game
215,Living Forest
216,Star Wars: Rebellion
217,Fields of Green
218,Imperium: Classics
219,"Aeon's End"
220,Oh My Goods!
221,Galaxy Trucker
222,Xia: Legends of a Drift System
223,Tainted Grail: The Fall of Avalon
224,King of Tokyo
225,Space Explorers
226,Too Many Bones
227,Sleeping Gods
228,CATAN
229,Flamecraft
230,New York Zoo
231,Meenakshi Temple
232,My Shelfie
233,Sky Team
234,Prêt-à-Porter
235,Pandemic
236,Winter Queen
237,Evolution: The Origin of Species
238,MicroMacro: Crime City – Full House
239,Feed the Kraken
240,Monopoly
